product_type,mp_present,percent
0,0,0.640089004
0,1,0.359910996
1,0,0.702770781
1,1,0.297229219
2,0,0.628571429
2,1,0.371428571
3,0,0.589915966
3,1,0.410084034
4,0,0.645279082
4,1,0.354720918
5,0,0.67384106
5,1,0.32615894
6,0,0.61632948
6,1,0.38367052
7,0,0.632564841
7,1,0.367435159
8,0,0.380434783
8,1,0.619565217
9,0,0.363057325
9,1,0.636942675
10,0,0.637701804
10,1,0.362298196
11,0,0.552870091
11,1,0.447129909
12,0,0.416461378
12,1,0.583538622